[
	{"DATE": "8/18/2015", 
	 "HOUR": 13, 
	 "EXCHANGE_NAME": "Beaverbrooks UK", 
	 "AD_GROUP_NAME": "Beaverbrooks UK", 
	 "CREATIVE_NAME": "Html_Gallery_0715", 
	 "IMPRESSIONS": 4, 
	 "CLICKS": 0},
	{"DATE": "8/18/2015", 
	 "HOUR": 15, 
	 "EXCHANGE_NAME": "HSE24DE", 
	 "AD_GROUP_NAME": "HSE24DE (DR)_Default_Ad_Group", 
	 "CREATIVE_NAME": "G2_pager_thumb_0815_promo", 
	 "IMPRESSIONS": 0, 
	 "CLICKS": 0},
	{"DATE": "8/18/2015", 
	 "HOUR": 17, 
	 "EXCHANGE_NAME": "AutoAnything", 
	 "AD_GROUP_NAME": "AutoAnything (DR)_2.0", 
	 "CREATIVE_NAME":"Html_gallery_0615_CTA2", 
	 "IMPRESSIONS": 1, 
	 "CLICKS": 0},
	{"DATE": "8/18/2015", 
	 "HOUR": 17, 
	 "EXCHANGE_NAME": "PaulasChoiceUS", 
	 "AD_GROUP_NAME": "PaulasChoice_Buyer (DR)_Default_Ad_Group", 
	 "CREATIVE_NAME": "G2html_0715_PaulasChoiceUS_PrplBtn", 
	 "IMPRESSIONS": 2, 
	 "CLICKS": 0}
]